{
  "hamming_loss": 0.04841208365608056,
  "conditions": {
    "Eczema": {
      "precision": 0.4358974358974359,
      "recall": 0.17435897435897435,
      "f1-score": 0.2490842490842491,
      "support": 195
    },
    "Allergic Contact Dermatitis": {
      "precision": 0.6,
      "recall": 0.2076923076923077,
      "f1-score": 0.30857142857142855,
      "support": 130
    },
    "Insect Bite": {
      "precision": 0.5277777777777778,
      "recall": 0.2159090909090909,
      "f1-score": 0.3064516129032258,
      "support": 88
    },
    "Urticaria": {
      "precision": 0.6578947368421053,
      "recall": 0.423728813559322,
      "f1-score": 0.5154639175257731,
      "support": 59
    },
    "Psoriasis": {
      "precision": 0.5882352941176471,
      "recall": 0.23809523809523808,
      "f1-score": 0.3389830508474576,
      "support": 42
    },
    "Folliculitis": {
      "precision": 0.7857142857142857,
      "recall": 0.21568627450980393,
      "f1-score": 0.3384615384615385,
      "support": 51
    },
    "Irritant Contact Dermatitis": {
      "precision": 0.0,
      "recall": 0.0,
      "f1-score": 0.0,
      "support": 30
    },
    "Tinea": {
      "precision": 0.7777777777777778,
      "recall": 0.2413793103448276,
      "f1-score": 0.3684210526315789,
      "support": 29
    },
    "Herpes Zoster": {
      "precision": 0.8571428571428571,
      "recall": 0.3157894736842105,
      "f1-score": 0.46153846153846156,
      "support": 19
    },
    "Acne": {
      "precision": 0.6,
      "recall": 0.1875,
      "f1-score": 0.2857142857142857,
      "support": 16
    }
  },
  "macro_avg": {
    "precision": 0.5830440165269886,
    "recall": 0.22201394831537752,
    "f1-score": 0.3172689597277999
  }
}